<?xml version="1.0" encoding="utf-8" ?>
	<HediffDefs>

		<HediffDef Name="InjuryBase" Abstract="True">
			<hediffClass>Hediff_Injury</hediffClass>
			<defaultLabelColor>(0.65, 0.3, 0.9)</defaultLabelColor>
		</HediffDef>

		<HediffDef Name="ImplantHediffBase" Abstract="True">
			<hediffClass>HediffWithComps</hediffClass>
			<isBad>true</isBad>
			<defaultLabelColor>(0.65, 0.3, 0.9)</defaultLabelColor>
		</HediffDef>

		<HediffDef ParentName="ImplantHediffBase">
			<defName>ST1MY</defName>
			<label>仙馔密酒</label>
			<defaultLabelColor>(1,0.9,0.8)</defaultLabelColor>
			<comps>
				<li Class="HediffCompProperties_Disappears">
					<disappearsAfterTicks>
						<min>1000</min>
						<max>1000</max>
					</disappearsAfterTicks>
				</li>
			</comps>
			<stages>
				
				<li>
					<hungerRateFactor>30</hungerRateFactor>
					<restFallFactor>30</restFallFactor>
					<hediffGivers>
						<li Class="Myth.HediffGiver_Ambrosia"/>
					</hediffGivers>
				</li>
			</stages>
		</HediffDef>
		
		<HediffDef ParentName="ImplantHediffBase">
			<defName>ST2MY</defName>
			<label>被击晕</label>
			<defaultLabelColor>(0.5,0,0)</defaultLabelColor>
			<comps>
				<li Class="HediffCompProperties_Disappears">
					<disappearsAfterTicks>
						<min>400</min>
						<max>400</max>
					</disappearsAfterTicks>
				</li>
			</comps>
			<stages>
				<li>
					<capMods>
						<li>
							<capacity>Moving</capacity>
							<setmax>0.5</setmax>
						</li>
						<li>
							<capacity>Sight</capacity>
							<setmax>0</setmax>
						</li>
					</capMods>
				</li>
			</stages>
		</HediffDef>
		
		<HediffDef ParentName="ImplantHediffBase">
			<defName>ST3MY</defName>
			<label>脑力枯竭</label>
			<defaultLabelColor>(0.5,0,0)</defaultLabelColor>
			<comps>
				<li Class="HediffCompProperties_Disappears">
					<disappearsAfterTicks>
						<min>1000</min>
						<max>1500</max>
					</disappearsAfterTicks>
				</li>
			</comps>
			<stages>
				<li>
					<capMods>
						<li>
							<capacity>Consciousness</capacity>
							<setmax>0.5</setmax>
						</li>
					</capMods>
				</li>
			</stages>
		</HediffDef>

	</HediffDefs>
