<?xml version="1.0" encoding="utf-8" ?>

	<ThingDefs>
		<ThingDef Name="BaseSTMeleeWeapon" Abstract="True" ParentName="BaseWeapon">
			<techLevel>Industrial</techLevel>
			<smeltable>true</smeltable>
			<weaponTags>
				<li>Melee</li>
			</weaponTags>
			<thingCategories>
				<li>WeaponsMelee</li>
			</thingCategories>
			<comps>
				<li>
					<compClass>CompQuality</compClass>
				</li>
				<li Class="CompProperties_Art">
					<nameMaker>ArtName_WeaponMelee</nameMaker>
					<descriptionMaker>ArtDescription_WeaponMelee</descriptionMaker>
					<minQualityForArtistic>Excellent</minQualityForArtistic>
				</li>
			</comps>
			<recipeMaker>
				<defaultIngredientFilter>
					<categories>
						<li>Root</li>
					</categories>
					<exceptedThingDefs>
						<li>Silver</li>
						<li>Gold</li>
						<li>WoodLog</li>
					</exceptedThingDefs>
				</defaultIngredientFilter>
			</recipeMaker>
			<inspectorTabs>
				<li>ITab_Art</li>
			</inspectorTabs>
		</ThingDef>
		<ThingDef ParentName="BaseProjectileNeolithic">
			<defName>Pilum_EnergySpear</defName>
			<graphicData>
				<texPath>Things/Projectile/lighting</texPath>
				<graphicClass>Graphic_Single</graphicClass>
			</graphicData>
			<projectile>
				<flyOverhead>false</flyOverhead>
				<damageDef>Flame</damageDef>
				<DamageAmountBase>500</DamageAmountBase>
				<Speed>30</Speed>
			</projectile>
		</ThingDef>
		<ThingDef ParentName="BaseSTMeleeWeapon">
			<defName>EnergySpear</defName>
			<label>能量矛</label>
			<description>将能量附着在尖端，以高温杀敌的武器，内置的相位装置能在攻击的一瞬间强化冲刺的速度</description>
			<graphicData>
				<texPath>Things/Projectile/spear</texPath>
				<graphicClass>Graphic_Single</graphicClass>
			</graphicData>
			<techLevel>Industrial</techLevel>
			<weaponTags>
				<li>STMelee</li>
			</weaponTags>
			<costStuffCount>100</costStuffCount>
			<statBases>
				<WorkToMake>700</WorkToMake>
				<Mass>2</Mass>
				<MeleeWeapon_DamageAmount>30</MeleeWeapon_DamageAmount>
				<MeleeWeapon_Cooldown>2.3</MeleeWeapon_Cooldown>
			</statBases>
			<equippedAngleOffset>-25</equippedAngleOffset>
			<stuffCategories>
				<li>Metallic</li>
			</stuffCategories>
			<verbs>
				<li>
					<verbClass>Myth.Verb_MeleeAttackBlink</verbClass>
					<hasStandardCommand>true</hasStandardCommand>
					<range>22</range>
					<projectileDef>Pilum_EnergySpear</projectileDef>
					<warmupTime>0.1</warmupTime>
					<meleeDamageDef>Flame</meleeDamageDef>
				</li>
			</verbs>
		</ThingDef>

	</ThingDefs>
